{
  "coverage": {
    "persistence": {
      "20%": 0.1758879781420765,
      "40%": 0.37033242258652094,
      "60%": 0.5533925318761385,
      "80%": 0.7641165755919854
    },
    "lightgbm": {
      "20%": 0.18294626593806923,
      "40%": 0.33481329690346084,
      "60%": 0.5475865209471766,
      "80%": 0.6950136612021858
    },
    "chronos": {
      "20%": 0.18806921675774135,
      "40%": 0.3876366120218579,
      "60%": 0.5779826958105647,
      "80%": 0.7659380692167578
    }
  },
  "sharpness": {
    "persistence": {
      "20%": 1.7194391777587328,
      "40%": 4.11941866898817,
      "60%": 7.199749066420445,
      "80%": 12.484211840100599
    },
    "lightgbm": {
      "20%": 2.232742416445923,
      "40%": 4.303542028542383,
      "60%": 7.466421203607644,
      "80%": 10.897473748556099
    },
    "chronos": {
      "20%": 2.3021801397741863,
      "40%": 4.817305654720345,
      "60%": 7.903050621442141,
      "80%": 12.6736980893254
    }
  },
  "note": "Coverage = fraction of actuals inside the PI. Sharpness = mean PI width as % of mean demand."
}